SampleID.x	X1	Moisture	SoilpH	WDRFBuffer	SolubleSalt	OrganicMatter	CO2C	TotalN	OrganicN	TotalOrganicC	Nitrate	Ammonium	InorganicNitrogen	TotalPhosphorus	InorganicPhosphorus	OrganicPhosphorus	Potassium	Calcium	Aluminum	Iron	Sulfur	Zinc	Manganese	Copper	Magnesium	Sodium	MAC	OrganicCN	OrganicNInorganicN	OrganicNRelease	OrganicNReserve	OrganicPRelease	OrganicPReserve	SoilHealthCalculation	AvailableN	AvailableP	AvailableK	pcoa1	pcoa2	SampleID.y	Treatment	Plot	SubPlot	Depth	Date	Burn	Disturbance	richness	virome
2B1AD	BDV7	111.0933984	5.5	6.1	0.04	14.5	246	10	6.9	111	1.8	5.2	6.9	3	1	2.3	70	501	344	39	2.8	0.63	14.1	0.16	66	13	221.9	16.1	1	6.9	0	2.3	0	20.48	4.1	7.5	84	-0.057958404	-0.038830689	2B1AD	Burn	B1	B1A	3-6cm	4/5/2021	Before	no	3399	yes
2B1AS	BSV7	67.43041932	5.4	5.8	0.05	31.4	344	12.2	7.1	105	0.7	8.5	9.2	11	6	4.9	51	663	171	33	4.5	1.46	31.4	0.17	79	13	327.7	14.7	0.8	7.1	0	4.9	0	24.31	9.8	25.1	60.9	-0.094742884	-0.039896626	2B1AS	Burn	B1	B1A	0-3cm	4/5/2021	Before	no	3570	yes
2B1BD	BDV8	29.5154987	5.5	6.1	0.04	14.5	246	10	6.9	111	1.8	5.2	6.9	3	1	2.3	70	501	344	39	2.8	0.63	14.1	0.16	66	13	221.9	16.1	1	6.9	0	2.3	0	20.48	4.1	7.5	84	-0.292455085	0.015457098	2B1BD	Burn	B1	B1B	3-6cm	4/5/2021	Before	no	3015	yes
2B1BS	BSV8	32.84337707	5.4	5.8	0.05	31.4	344	12.2	7.1	105	0.7	8.5	9.2	11	6	4.9	51	663	171	33	4.5	1.46	31.4	0.17	79	13	327.7	14.7	0.8	7.1	0	4.9	0	24.31	9.8	25.1	60.9	-0.380721172	-0.031045244	2B1BS	Burn	B1	B1B	0-3cm	4/5/2021	Before	no	3787	yes
2B2AD	BDV9	44.79802134	5.3	5.4	0.03	35.5	230	9.1	6.7	87	0.8	9.1	9.8	2	0.9	1.6	54	522	216	51	2.7	1.04	21.9	0.12	91	12	265.6	12.9	0.7	6.7	0	1.6	0	18.83	5	5.7	65.1	-0.135437657	0.048063168	2B2AD	Burn	B2	B2A	3-6cm	4/5/2021	Before	no	2443	yes
2B2AS	BSV9	83.26623115	5	5.4	0.04	38.6	274	10.6	6.9	107	1.6	10.5	12.1	2	0.7	1.8	48	536	182	44	2.4	1.22	23.3	0.14	92	13	255.9	15.6	0.6	6.9	0	1.8	0	22.4	11.4	5.7	57.6	-0.140922235	0.035152346	2B2AS	Burn	B2	B2A	0-3cm	4/5/2021	Before	no	2892	yes
2B2BD	BDV10	33.02777589	5.3	5.4	0.03	35.5	230	9.1	6.7	87	0.8	9.1	9.8	2	0.9	1.6	54	522	216	51	2.7	1.04	21.9	0.12	91	12	265.6	12.9	0.7	6.7	0	1.6	0	18.83	5	5.7	65.1	0.035884401	-0.058777489	2B2BD	Burn	B2	B2B	3-6cm	4/5/2021	Before	no	3085	yes
2B2BS	BSV10	53.88824872	5	5.4	0.04	38.6	274	10.6	6.9	107	1.6	10.5	12.1	2	0.7	1.8	48	536	182	44	2.4	1.22	23.3	0.14	92	13	255.9	15.6	0.6	6.9	0	1.8	0	22.4	11.4	5.7	57.6	0.000986266	-0.050472969	2B2BS	Burn	B2	B2B	0-3cm	4/5/2021	Before	no	3483	yes
2B3AD	BDV11	62.50281108	5.7	6.2	0.06	23.6	184	21.2	12.5	146	5.9	12.1	17.9	2	0.5	1.8	69	989	301	54	4.1	0.4	10.7	0.04	110	16	126	11.7	0.7	12.5	0	1.8	0	19.5	9.1	5.1	83.1	0.048238708	-0.16061464	2B3AD	Burn	B3	B3A	3-6cm	4/5/2021	Before	no	3474	yes
2B3AS	BSV11	147.5865931	5.3	5.8	0.11	41.5	344	33.8	20.1	374	2.1	45.4	47.4	3	0.9	2.1	88	1093	196	44	12.6	1.29	40.2	0.11	140	16	92.1	18.6	0.4	20.1	0	2.1	0	30.98	40.5	6.9	105.4	-0.012927221	-0.076148407	2B3AS	Burn	B3	B3A	0-3cm	4/5/2021	Before	no	1875	yes
2B3BD	BDV12	40.18220542	5.7	6.2	0.06	23.6	184	21.2	12.5	146	5.9	12.1	17.9	2	0.5	1.8	69	989	301	54	4.1	0.4	10.7	0.04	110	16	126	11.7	0.7	12.5	0	1.8	0	19.5	9.1	5.1	83.1	0.095404526	-0.187730921	2B3BD	Burn	B3	B3B	3-6cm	4/5/2021	Before	no	2286	yes
2B3BS	BSV12	65.64898378	5.3	5.8	0.11	41.5	344	33.8	20.1	374	2.1	45.4	47.4	3	0.9	2.1	88	1093	196	44	12.6	1.29	40.2	0.11	140	16	92.1	18.6	0.4	20.1	0	2.1	0	30.98	40.5	6.9	105.4	0.042631651	-0.143564024	2B3BS	Burn	B3	B3B	0-3cm	4/5/2021	Before	no	3001	yes
2B4AD	UDV11	68.81992497	5.6	6.1	0.07	18.2	191	7.5	5.4	132	3	4.8	7.8	2	0.8	1	69	530	298	70	3.3	0.35	21	0.15	55	12	144.9	24.2	0.7	5.4	0	1	0	19.1	4	4.1	82.5	-0.000742379	0.056464017	2B4AD	Burn	B4	B4A	3-6cm	4/5/2021	Before	no	2100	yes
2B4AS	USV11	76.47849864	5.4	5.9	0.06	28.2	198	6	3.7	94	0.8	2.7	3.6	2	0.7	1.6	59	607	207	59	2.5	0.61	26.4	0.11	67	13	210.9	25.5	1	3.7	0	1.6	0	18.75	4.4	5.3	71.3	-0.023071428	0.033155087	2B4AS	Burn	B4	B4A	0-3cm	4/5/2021	Before	no	3579	yes
2B4BD	UDV12	58.3244877	5.6	6.1	0.07	18.2	191	7.5	5.4	132	3	4.8	7.8	2	0.8	1	69	530	298	70	3.3	0.35	21	0.15	55	12	144.9	24.2	0.7	5.4	0	1	0	19.1	4	4.1	82.5	0.201585733	-0.027274424	2B4BD	Burn	B4	B4B	3-6cm	4/5/2021	Before	no	3630	yes
2B4BS	USV12	22.52339355	5.4	5.9	0.06	28.2	198	6	3.7	94	0.8	2.7	3.6	2	0.7	1.6	59	607	207	59	2.5	0.61	26.4	0.11	67	13	210.9	25.5	1	3.7	0	1.6	0	18.75	4.4	5.3	71.3	0.181569748	-0.032776216	2B4BS	Burn	B4	B4B	0-3cm	4/5/2021	Before	no	2830	yes
2U1AD	UDV7	36.74519348	5.5	5.9	0.05	16.1	318	10.1	6.6	119	3.8	3.9	7.6	2	0.5	1.6	112	532	499	65	3.2	0.28	13.8	0.13	73	16	267.7	18	0.9	6.6	0	1.6	0	22.91	4.3	4.6	134.5	0.084262957	0.392133256	2U1AD	Control	U1	U1A	3-6cm	4/5/2021	Before	no	3123	yes
2U1AS	USV7	77.68429259	5.2	5.6	0.05	29.9	177	13.1	11.2	196	0.7	11	11.7	3	1.5	1.1	126	589	344	62	4.1	0.55	21.2	0.12	81	13	90.5	17.4	1	11.2	0	1.1	0	19.79	13.7	5.8	151.1	0.021171718	0.368190463	2U1AS	Control	U1	U1A	0-3cm	4/5/2021	Before	no	3850	yes
2U1BD	UDV8	20.09462654	5.5	5.9	0.05	16.1	318	10.1	6.6	119	3.8	3.9	7.6	2	0.5	1.6	112	532	499	65	3.2	0.28	13.8	0.13	73	16	267.7	18	0.9	6.6	0	1.6	0	22.91	4.3	4.6	134.5	0.074944477	0.161802356	2U1BD	Control	U1	U1B	3-6cm	4/5/2021	Before	no	1544	yes
2U1BS	USV8	40.2406784	5.2	5.6	0.05	29.9	177	13.1	11.2	196	0.7	11	11.7	3	1.5	1.1	126	589	344	62	4.1	0.55	21.2	0.12	81	13	90.5	17.4	1	11.2	0	1.1	0	19.79	13.7	5.8	151.1	-0.002376254	0.126814684	2U1BS	Control	U1	U1B	0-3cm	4/5/2021	Before	no	1682	yes
2U2AD	UDV9	70.3757872	5.9	6.3	0.04	13.4	254	7.9	5.7	88	1.5	2.6	4	1	0.3	1	58	609	349	39	2.4	0.22	9	0.1	51	13	288.3	15.4	1.4	5.7	0	1	0	20.48	2.9	3	69.4	0.066750863	0.07147376	2U2AD	Control	U2	U2A	3-6cm	4/5/2021	Before	no	2641	yes
2U2AS	USV9	64.91523432	5.3	5.9	0.06	34.2	198	11.7	8.5	163	1.8	7.2	9	5	2.9	2.3	69	672	240	51	6.3	0.79	23.5	0.1	80	12	121.5	19.1	1	8.5	0	2.3	0	20.61	10.5	12	83.4	-0.018259916	0.076837777	2U2AS	Control	U2	U2A	0-3cm	4/5/2021	Before	no	3362	yes
2U2BD	UDV10	37.57656698	5.9	6.3	0.04	13.4	254	7.9	5.7	88	1.5	2.6	4	1	0.3	1	58	609	349	39	2.4	0.22	9	0.1	51	13	288.3	15.4	1.4	5.7	0	1	0	20.48	2.9	3	69.4	0.094095583	-0.086659825	2U2BD	Control	U2	U2B	3-6cm	4/5/2021	Before	no	2739	yes
2U2BS	USV10	34.89493407	5.3	5.9	0.06	34.2	198	11.7	8.5	163	1.8	7.2	9	5	2.9	2.3	69	672	240	51	6.3	0.79	23.5	0.1	80	12	121.5	19.1	1	8.5	0	2.3	0	20.61	10.5	12	83.4	0.100339607	-0.079823712	2U2BS	Control	U2	U2B	0-3cm	4/5/2021	Before	no	3171	yes
3B1AD	BDV13	30.69830753	4.8	5.4	0.04	33.1	840	5.5	3	107	0.1	1.8	1.9	3	1.3	2.1	43	425	155	53	1.7	1.02	17.4	0.14	79	14	785.4	35.5	1.6	3	0	2.1	0	44.44	1.5	7.8	51.9	-0.389581696	-0.028800649	3B1AD	Burn	B1	B1A	3-6cm	4/18/2021	Before	no	3547	yes
3B1AS	BSV13	51.54267955	4.8	5.6	0.05	86.4	554	5.3	3	59	0	4.5	4.5	4	1.8	2.4	37	354	31	14	1.2	1.77	37.8	0.2	77	12	932.5	19.7	0.7	3	0	2.4	0	29.19	2.3	9.5	44.7	-0.364244613	-0.045136579	3B1AS	Burn	B1	B1A	0-3cm	4/18/2021	Before	no	3164	yes
3B1BD	BDV14	32.22081663	4.7	5.2	0.08	32.9	842	7.4	4.8	161	0.1	2.2	2.3	4	1.3	2.3	72	437	273	71	3	0.74	11.7	0.14	81	14	523.8	33.7	2.1	4.8	0	2.3	0	45.79	2.1	8.5	86.4	-0.275465138	0.005301241	3B1BD	Burn	B1	B1B	3-6cm	4/18/2021	Before	no	2995	yes
3B1BS	BSV14	40.30914802	4.6	5.3	0.05	67	924	6.8	4.1	121	0.1	4.5	4.6	3	1.2	1.6	41	409	70	30	1.3	1.64	29.1	0.14	88	15	763.3	29.8	0.9	4.1	0	1.6	0	49.03	2.6	6.4	49	-0.342254755	-0.036695324	3B1BS	Burn	B1	B1B	0-3cm	4/18/2021	Before	no	3573	yes
3B2AD	BDV15	46.50888867	5.8	5.9	0.06	10.9	314	6.8	3	120	0.3	1.8	2.1	2	0.5	1.6	60	504	363	55	2.7	0.19	9	0.18	73	17	262	40.1	1.5	3	0	1.6	0	22.32	1.5	4.8	72	0.085982901	-0.046693161	3B2AD	Burn	B2	B2A	3-6cm	4/18/2021	Before	no	2178	yes
3B2AS	BSV15	69.67775172	5.7	5.9	0.06	12.8	297	4.9	2.5	90	0.3	2.2	2.5	2	0.3	2.1	77	492	331	49	2.2	0.37	9.7	0.18	84	16	329.1	36.8	1	2.5	0	2.1	0	23.26	1.5	5.4	92.7	0.061917638	-0.055479354	3B2AS	Burn	B2	B2A	0-3cm	4/18/2021	Before	no	2512	yes
3B2BD	BDV16	52.50990879	5.4	5.7	0.06	23	780	22.3	18.4	264	0.2	2.9	3.1	3	1	2.2	69	516	243	57	3	0.97	21.4	0.08	93	17	295.1	14.4	6	18.4	0	2.2	0	46.12	6.4	7.4	82.8	-0.083760686	-0.026282244	3B2BD	Burn	B2	B2B	3-6cm	4/18/2021	Before	no	4358	yes
3B2BS	BSV16	149.1567916	5.1	5.7	0.06	47.5	1208	17.8	13.8	165	0.2	5.6	5.8	2	0.8	1.5	46	481	116	48	2	1.24	35	0.1	91	16	732.1	12	2.4	13.8	0	1.5	0	65.08	5.9	5.1	55.3	-0.153514243	-0.027103593	3B2BS	Burn	B2	B2B	0-3cm	4/18/2021	Before	no	4020	yes
3B3AD	BDV17	26.65320865	5.8	6	0.15	11	463	14.1	10.8	266	0.4	3	3.4	2	0.8	0.9	118	509	674	174	4.3	0.16	56.3	0.4	60	14	174	24.5	3.2	10.8	0	0.9	0	32.13	4.3	3.8	141.6	0.057283679	-0.131041147	3B3AD	Burn	B3	B3A	3-6cm	4/18/2021	Before	no	2512	yes
3B3AS	BSV17	43.44402435	6.1	6.3	0.1	16.5	1132	23.4	19	300	0.2	3.2	3.3	5	1.9	3	86	832	235	58	4.1	1.09	60.5	0.2	84	18	377.1	15.8	5.7	19	0	3	0	64.51	6.7	11.4	102.8	-0.023842332	-0.129476348	3B3AS	Burn	B3	B3A	0-3cm	4/18/2021	Before	no	3796	yes
3B3BD	BDV18	21.3609098	5.4	5.5	0.05	30.8	280	19.2	14.9	168	0.4	5.6	6	2	0.3	1.5	83	735	317	69	3.4	0.88	16.4	0.1	105	16	166.7	11.3	2.5	14.9	0	1.5	0	24.85	6.3	4.1	99.7	-0.05913254	-0.095513622	3B3BD	Burn	B3	B3B	3-6cm	4/18/2021	Before	no	3964	yes
3B3BS	BSV18	47.75701059	5	5.5	0.05	69.4	812	9.7	4.1	113	0.2	10.6	10.8	2	1	1.4	52	551	130	44	2.1	1.76	41.8	0.15	106	13	720.8	27.5	0.4	4.1	0	1.4	0	43.26	4.5	5.5	61.9	-0.142195107	-0.061956842	3B3BS	Burn	B3	B3B	0-3cm	4/18/2021	Before	no	3704	yes
3B4AD	UDV17	25.04452849	6.1	6.3	0.05	10.6	412	21.3	16.7	278	0.5	1.9	2.4	2	0.6	1.3	88	636	335	67	3.1	0.23	27	0.24	76	13	148.1	16.6	7	16.7	0	1.3	0	30.13	5.7	4.4	105.9	0.112622326	-0.04459463	3B4AD	Burn	B4	B4A	3-6cm	4/18/2021	Before	no	2695	yes
3B4AS	USV17	48.96389794	5.6	5.7	0.04	29	766	8.2	4.7	92	0.1	2.5	2.6	3	0.8	1.7	67	661	296	65	2.8	0.65	15.7	0.12	101	13	833.1	19.5	1.8	4.7	0	1.7	0	40.61	2.2	5.8	81	0.082781716	-0.040151914	3B4AS	Burn	B4	B4A	0-3cm	4/18/2021	Before	no	3213	yes
3B4BD	UDV18	60.93997961	5.9	6.1	0.06	10.6	848	6.4	2.9	136	0.2	1.9	2.1	2	0.6	1.5	86	419	329	86	2.9	0.32	21.7	0.26	50	16	622.4	47.8	1.4	2.9	0	1.5	0	45.41	1.5	4.9	102.7	0.108476055	0.052474807	3B4BD	Burn	B4	B4B	3-6cm	4/18/2021	Before	no	2525	yes
3B4BS	USV18	119.4701517	5.4	5.8	0.07	23.7	902	7.5	4.5	114	0.2	1.6	1.8	3	0.7	1.9	79	575	202	67	3.8	0.99	53.9	0.19	65	14	793	25.3	2.5	4.5	0	1.9	0	47.82	1.9	6	94.3	0.008071534	0.032113502	3B4BS	Burn	B4	B4B	0-3cm	4/18/2021	Before	no	3496	yes
3U1AD	UDV13	63.80318783	5.3	5.6	0.03	14	256	8.4	5	92	0.4	2.1	2.4	2	0.5	1.8	55	394	482	40	2.3	0.15	8.9	0.1	52	16	278.1	18.3	2.1	5	0	1.8	0	20.63	2.2	5.3	65.7	0.093276999	0.293849752	3U1AD	Control	U1	U1A	3-6cm	4/18/2021	Before	no	2439	yes
3U1AS	USV13	164.9651391	5.2	5.5	0.03	32.8	289	8	5	115	0.1	2.1	2.2	3	1	1.7	46	483	261	38	2.9	0.56	13.1	0.08	65	15	251.9	22.8	2.3	5	0	1.7	0	23.44	2.2	6.3	55.1	0.022351858	0.285559861	3U1AS	Control	U1	U1A	0-3cm	4/18/2021	Before	no	3256	yes
3U1BD	UDV14	40.53256424	5.8	5.8	0.04	16.2	195.2	17.8	14.5	204	0.4	2	2.4	2	0.5	1.8	66	370	478	52	2.7	0.14	13.4	0.14	42	17	95.5	14.1	6.1	14.5	0	1.8	0	21.8	5.1	5.3	78.7	0.127973558	0.276043284	3U1BD	Control	U1	U1B	3-6cm	4/18/2021	Before	no	2324	yes
3U1BS	USV14	159.0372116	5.6	5.8	0.05	20.8	208	8.3	5.1	112	0.3	2.1	2.4	3	0.7	1.9	60	469	361	55	2.8	0.27	16.2	0.12	43	14	186.3	21.9	2.1	5.1	0	1.9	0	17.6	2.3	6	71.5	0.125126402	0.280424038	3U1BS	Control	U1	U1B	0-3cm	4/18/2021	Before	no	2858	yes
3U2AD	UDV15	18.37392833	5.8	6	0.05	24.4	1100	14.7	11	121	0.2	2.4	2.6	2	0.9	1.3	75	960	310	88	4.7	0.41	14.3	0.17	97	16	912.5	10.9	4.3	11	0	1.3	0	58.51	4.1	5.1	90.2	0.092931796	-0.077778505	3U2AD	Control	U2	U2A	3-6cm	4/18/2021	Before	no	3002	yes
3U2AS	USV15	21.34254089	5.6	5.9	0.03	37.6	321	16.8	13.8	93	0.2	3.2	3.4	2	0.7	1.4	48	744	175	39	2.2	0.65	19.4	0.15	79	15	344.2	6.8	4.1	13.8	0	1.4	0	23.31	5.2	4.9	57.9	0.079747838	-0.049448564	3U2AS	Control	U2	U2A	0-3cm	4/18/2021	Before	no	3368	yes
3U2BD	UDV16	41.75538722	5.8	5.8	0.04	21.8	688	8.8	5.8	70	0.3	2.4	2.7	2	0.6	1	58	570	355	90	3.3	0.3	19.6	0.15	59	15	983.6	12	2.1	5.8	0	1	0	36.38	2.6	3.6	69.3	0.040534096	0.045116162	3U2BD	Control	U2	U2B	3-6cm	4/18/2021	Before	no	3528	yes
3U2BS	USV16	122.5910703	5.3	5.8	0.02	68	544	9.9	4.6	99	0.2	7.7	7.9	2	0.8	1.1	37	537	91	35	1.8	1.23	40.6	0.17	60	13	552	21.6	0.6	4.6	0	1.1	0	29.63	3.7	4.3	44.6	-0.059283979	0.027654551	3U2BS	Control	U2	U2B	0-3cm	4/18/2021	Before	no	4050	yes
4B1AD	BDV19	68.1854114	4.9	5.3	0.06	31.4	460	14.5	11.8	283	0.8	2.4	3.2	4	1.6	2.1	74	426	359	77	4.7	0.89	25.3	0.18	79	12	162.8	23.9	3.7	11.8	0	2.1	0	32.39	4.5	8.5	89.1	-0.312894873	0.008106019	4B1AD	Burn	B1	B1A	3-6cm	4/27/2021	After	yes	2923	yes
4B1AS	BSV19	124.1607775	4.7	5.3	0.07	74.4	696	9.5	5.7	198	0.1	5.4	5.5	5	3.7	1.5	56	416	71	23	3.4	1.43	23.3	0.46	90	13	352.2	34.4	1	5.7	0	1.5	0	39.33	3.4	11.9	67.5	-0.366198513	-0.027643251	4B1AS	Burn	B1	B1A	0-3cm	4/27/2021	After	yes	3077	yes
4B1BD	BDV20	59.36704829	4.6	5.1	0.06	37.2	976	12.8	10.3	244	0.6	2.7	3.3	5	2.8	2.1	78	324	250	59	4.5	1.53	14.5	0.17	106	10	399.3	23.7	3.1	10.3	0	2.1	0	54.72	4.1	11.3	93.5	-0.399380776	-0.026782872	4B1BD	Burn	B1	B1B	3-6cm	4/27/2021	After	yes	3632	yes
4B1BS	BSV20	175.5253579	4.9	5.6	0.09	82.6	876	15.2	9.2	211	0.5	9.8	10.3	8	5.4	2.4	75	366	50	21	4.4	2.65	37.4	0.28	122	10	415.7	22.9	0.9	9.2	0	2.4	0	48.94	5.9	17.9	89.6	-0.404013701	-0.043370317	4B1BS	Burn	B1	B1B	0-3cm	4/27/2021	After	yes	3792	yes
4B2AD	BDV21	46.65103671	5.1	5.3	0.08	23.5	376	17.2	7.6	172	3.8	6.3	10.1	3	1.4	2	57	368	326	77	4.3	0.81	17.6	0.2	87	12	218.3	22.6	0.8	7.6	0	2	0	27.71	5.3	8	68.5	-0.021082041	0.026462224	4B2AD	Burn	B2	B2A	3-6cm	4/27/2021	After	yes	2712	yes
4B2AS	BSV21	55.63363931	5.2	5.4	0.07	26.7	856	20	9.3	196	2.6	12.5	15.1	7	4.7	2.4	64	390	283	79	7.3	1.14	35.1	0.19	94	12	437.8	21	0.6	9.3	0	2.4	0	47.64	7.3	16.2	76.9	-0.039424538	0.02371708	4B2AS	Burn	B2	B2A	0-3cm	4/27/2021	After	yes	2771	yes
4B2BD	BDV22	24.22693238	6.1	6.2	0.21	15	360	48.5	25.6	310	0.9	35.5	36.4	10	8.1	2.2	77	726	329	64	26.9	0.95	69.2	0.11	95	15	116.2	12.1	0.7	25.6	0	2.2	0	31.26	18.6	23.7	92.3	0.063536361	-0.126569018	4B2BD	Burn	B2	B2B	3-6cm	4/27/2021	After	yes	872	yes
4B2BS	BSV22	44.205996	7.2	7.2	0.65	14.4	1102	82	44.7	520	1.7	53.5	55.2	36	29.9	5.8	107	1202	363	95	117.9	1.92	139.5	0.05	155	19	211.9	11.6	0.8	44.7	0	5.8	0	69.97	30	82.2	128.2	NA	NA	4B2BS	Burn	B2	B2B	0-3cm	4/27/2021	After	yes	NA	no
4B3AD	BDV23	41.70058644	6.3	6.3	0.15	16.8	444	30.6	14.9	197	5.6	8.4	14	5	3.5	1.9	92	845	371	56	7.5	0.36	11.3	0.16	111	11	225.4	13.2	1.1	14.9	0	1.9	0	30.1	8.7	12.3	109.8	0.133378754	-0.291114699	4B3AD	Burn	B3	B3A	3-6cm	4/27/2021	After	yes	2405	yes
4B3AS	BSV23	54.4670206	6	6	0.2	28.1	1512	42.8	17.5	215	8.7	22.5	31.2	9	6.5	2.6	89	895	301	49	11.1	0.71	33.2	0.09	122	12	704.2	12.3	0.6	17.5	0	2.6	0	81.65	14.6	20.9	106.4	0.124215495	-0.278159567	4B3AS	Burn	B3	B3A	0-3cm	4/27/2021	After	yes	2171	yes
4B3BD	BDV24	32.04285237	6.9	7.2	0.25	16.9	826	47.4	24.5	251	1	33	34	14	10.6	3.1	122	990	377	66	27.3	0.62	35.3	0.16	107	11	328.9	10.2	0.7	24.5	0	3.1	0	48.78	17.6	31.5	146.6	0.133777381	-0.258152299	4B3BD	Burn	B3	B3B	3-6cm	4/27/2021	After	yes	1959	yes
4B3BS	BSV24	34.84514086	7.1	7.2	0.66	23.7	1286	98.7	50.1	570	0.2	62.2	62.4	51	43	8.2	166	1356	281	65	94	1.6	91.6	0.14	193	12	225.4	11.4	0.8	50.1	0	8.2	0	80.72	33.7	117.9	199.3	0.127458526	-0.265881034	4B3BS	Burn	B3	B3B	0-3cm	4/27/2021	After	yes	1486	yes
4B4AD	UDV23	30.54017518	5.9	5.9	0.05	15.7	1004	16.9	12.1	207	0.8	2.5	3.3	3	1	1.8	125	520	387	70	3.9	0.33	18.7	0.22	66	11	484.5	17.1	3.7	12.1	0	1.8	0	55.55	4.6	6.4	150.1	0.204774455	-0.009998116	4B4AD	Burn	B4	B4A	3-6cm	4/27/2021	After	yes	2698	yes
4B4AS	USV23	28.30657635	5.9	5.9	0.05	17.7	792	21.9	13.3	235	0.6	12.5	13.1	4	2.5	1.7	123	522	342	59	5.2	0.67	48.1	0.25	70	14	337.1	17.6	1	13.3	0	1.7	0	45.63	7.9	9.7	147.8	0.168053261	-0.004793156	4B4AS	Burn	B4	B4A	0-3cm	4/27/2021	After	yes	1772	yes
4B4BD	UDV24D	22.58180615	5.8	6	0.16	14.2	450.9	71.2	50	846	0.6	24.1	24.7	5	3.1	1.4	220	509	443	97	15.1	0.48	94.7	0.36	72	15	53.3	16.9	2	50	0	1.4	0	46.97	22.4	10.4	264.5	0.123507296	-0.052547225	4B4BD	Burn	B4	B4B	3-6cm	4/27/2021	After	yes	1840	yes
4B4BS	USV24	42.1728186	6.2	6.3	0.18	18.3	663.1	55.7	37.3	537	0.5	23.1	23.6	16	12.5	4	179	771	299	72	20.8	1.02	103.6	0.16	88	16	123.6	14.4	1.6	37.3	0	4	0	47.61	18.3	37.9	214.3	0.180172446	-0.025120424	4B4BS	Burn	B4	B4B	0-3cm	4/27/2021	After	yes	2406	yes
4U1AD	UDV19	56.55964138	5.4	5.5	0.07	23.2	756	18.6	13.6	215	1	3.9	4.9	3	1.1	2.2	52	501	325	59	3.4	0.85	17.9	0.14	59	11	351.3	15.8	2.8	13.6	0	2.2	0	43.46	5.6	7.6	62.7	0.050637189	0.340408018	4U1AD	Control	U1	U1A	3-6cm	4/27/2021	After	no	3205	yes
4U1AS	USV19	122.7770617	5.5	5.5	0.09	43.9	1600	14.8	9.5	180	0.8	6	6.8	4	2	1.6	39	567	145	40	3.1	1.61	30	0.23	56	11	888.8	18.9	1.4	9.5	0	1.6	0	84.55	4.9	8.4	47.2	-0.034121447	0.243652396	4U1AS	Control	U1	U1A	0-3cm	4/27/2021	After	no	4108	yes
4U1BD	UDV20	43.79445178	5.5	5.6	0.1	24.7	992	18.4	13.7	298	0.6	2.3	2.9	4	1.3	2.8	106	596	383	54	4.9	0.59	20.2	0.29	131	11	333.1	21.7	4.8	13.7	0	2.8	0	56.93	5	9.5	127.4	0.063424295	0.24131254	4U1BD	Control	U1	U1B	3-6cm	4/27/2021	After	no	3458	yes
4U1BS	USV20	34.55303077	6.2	6.3	0.09	10.2	532	16.4	11.2	183	1.1	1.8	2.9	3	0.9	2.1	90	629	376	46	3.1	0.3	16	0.32	91	11	290.2	16.4	3.9	11.2	0	2.1	0	31.38	4.2	6.9	107.7	0.086450846	0.073548103	4U1BS	Control	U1	U1B	0-3cm	4/27/2021	After	no	2169	yes
4U2AD	UDV21	48.24012049	5.8	5.8	0.08	21.1	906	21	16.6	207	1	3.4	4.3	3	0.8	2.2	90	692	434	63	4.5	0.5	16.9	0.12	85	11	438.3	12.4	3.8	16.6	0	2.2	0	51.1	6.3	6.9	107.7	0.110152051	-0.012678585	4U2AD	Control	U2	U2A	3-6cm	4/27/2021	After	no	3623	yes
4U2AS	USV21	62.13842974	5.6	5.8	0.08	51.9	856	13.8	9.1	129	0.6	9.3	9.9	3	1.6	1.7	71	578	188	37	2.8	1.48	32.9	0.19	83	11	661.9	14.2	0.9	9.1	0	1.7	0	46.3	5.7	7.6	85.4	0.109459027	-0.028519183	4U2AS	Control	U2	U2A	0-3cm	4/27/2021	After	no	3707	yes
4U2BD	UDV22	58.23467157	5.4	5.6	0.03	39.1	1136	10.4	7.1	134	0.7	4.4	5.1	3	1.1	1.5	48	681	181	41	2.7	0.57	20.6	0.11	82	13	849.5	18.9	1.4	7.1	0	1.5	0	60.18	3.7	6	57.5	-0.014008528	0.029480585	4U2BD	Control	U2	U2B	3-6cm	4/27/2021	After	no	3710	yes
4U2BS	USV22	159.2480298	5.3	5.8	0.03	79.1	1904	9.4	6.3	115	0.5	5.6	6.1	3	1.7	1.3	49	548	74	30	2.5	1.28	43.1	0.15	85	13	1652.4	18.2	1	6.3	0	1.3	0	98.14	3.7	6.9	58.5	6.68E-06	-0.001744995	4U2BS	Control	U2	U2B	0-3cm	4/27/2021	After	no	3959	yes
5B1AD	BDV25	3.937626759	6.7	7.2	0.61	7.3	494	52.8	27.8	458	0.9	43.8	44.6	40	30.2	9.8	104	882	390	97	107.3	4.45	75.4	0.29	134	15	108	16.5	0.6	27.8	0	9.8	0	39.37	21.7	91.9	141.2	NA	NA	5B1AD	Burn	B1	B1A	3-6cm	5/8/2021	After	yes	NA	no
5B1AS	BSV25	2.170494398	7.3	7.2	1.72	8.7	756	82.8	40.3	462	1.5	77.2	78.7	115	105.2	9.5	252	2620	248	64	515.8	5.24	84.4	0.25	433	14	163.8	11.5	0.5	40.3	0	9.5	0	51.06	35.7	263.8	321.1	NA	NA	5B1AS	Burn	B1	B1A	0-3cm	5/8/2021	After	yes	NA	no
5B1BD	BDV26	74.96936359	4.8	5.4	0.08	78.3	1024	10.5	8	126	0.2	8.2	8.4	8	4.5	3.4	58	418	77	39	7.8	2.18	37.7	0.17	86	13	814.8	15.6	1	8	0	3.4	0	54.52	4.9	18.2	58.7	-0.295091109	-0.018784304	5B1BD	Burn	B1	B1B	3-6cm	5/8/2021	After	yes	2794	yes
5B1BS	BSV26	108.8436153	5.3	5.7	0.1	84.1	1092	21	15	161	0.2	12.6	12.8	15	9.7	5.5	80	431	75	31	15.3	3.26	57.7	0.21	115	13	680.1	10.7	1.2	15	0	5.5	0	59.31	8.3	35.1	65.4	-0.345789278	-0.035205094	5B1BS	Burn	B1	B1B	0-3cm	5/8/2021	After	yes	3207	yes
5B2AD	BDV27	9.317608281	7	7.2	0.35	12.3	301	42.6	15.6	245	0.9	50.8	51.6	6	3.8	2.1	114	756	393	62	46.7	0.79	64.1	0.34	73	13	122.9	15.7	0.3	15.6	0	2.1	0	25.27	20.2	13.6	155.6	NA	NA	5B2AD	Burn	B2	B2A	3-6cm	5/8/2021	After	yes	NA	no
5B2AS	BSV27	3.748374668	7.4	7.2	0.97	8.8	392	77	35.6	581	1.3	75.5	76.8	15	11	4.1	158	1808	331	76	205.9	0.93	102.8	0.29	166	12	67.5	16.3	0.5	35.6	0	4.1	0	39.68	33.7	34.8	204.6	NA	NA	5B2AS	Burn	B2	B2A	0-3cm	5/8/2021	After	yes	NA	no
5B2BD	BDV28	20.10603088	7.2	7.2	0.24	13.1	184	36.5	17.8	176	1.6	38	39.5	5	2.8	2.3	101	966	306	55	26.1	0.39	29.5	0.24	92	13	104.7	9.9	0.5	17.8	0	2.3	0	20.63	17.2	11.7	139.6	0.069236806	-0.136804248	5B2BD	Burn	B2	B2B	3-6cm	5/8/2021	After	yes	665	yes
5B2BS	BSV28	9.647363905	7.2	7.2	0.59	17.9	538	103.5	44.5	474	1.8	89.2	90.9	11	7.4	4	126	1127	274	55	104.8	0.61	92.2	0.2	134	14	113.5	10.7	0.5	44.5	0	4	0	40.83	40.6	26.1	164.4	0.030868687	-0.054595054	5B2BS	Burn	B2	B2B	0-3cm	5/8/2021	After	yes	148	yes
5B3AD	BDV29	39.17133096	5.8	6	0.09	20.1	274	12.6	5.9	54	5.5	4.5	10	2	0.7	1	46	647	243	47	4.6	0.97	15.1	0.14	76	12	509	9.1	0.6	5.9	0	1	0	21.24	4.8	3.9	51.3	0.085350279	-0.096759054	5B3AD	Burn	B3	B3A	3-6cm	5/8/2021	After	yes	3079	yes
5B3AS	BSV29	27.0340668	5.9	6	0.07	32.6	624	26.1	11.9	156	1.7	20.1	21.7	7	3.8	3.4	57	636	202	51	9.8	1.78	40	0.16	90	12	400.8	13.1	0.5	11.9	0	3.4	0	35.5	10.1	16.5	64.8	0.062299266	-0.093160509	5B3AS	Burn	B3	B3A	0-3cm	5/8/2021	After	yes	2926	yes
5B3BD	BDV30	19.21118917	6.1	6.1	0.06	16.6	666	14.7	8.5	107	2.9	8.9	11.7	2	0.8	1.2	84	431	337	42	4.2	0.43	13.2	0.18	73	13	624.4	12.6	0.7	8.5	0	1.2	0	36.28	6.1	4.7	111.9	0.095411929	-0.086390183	5B3BD	Burn	B3	B3B	3-6cm	5/8/2021	After	yes	1973	yes
5B3BS	BSV30	11.47039877	6	6.1	0.1	22.4	190.4	21.3	14.8	188	0.7	16.6	17.2	7	3.4	3.3	80	504	248	39	8.5	0.86	38.8	0.19	86	11	101.3	12.7	0.9	14.8	0	3.3	0	21.11	9.6	15.5	119.4	0.073834484	-0.074165337	5B3BS	Burn	B3	B3B	0-3cm	5/8/2021	After	yes	795	yes
5B4AD	UDV29	17.9299515	6.7	7.2	0.1	9.5	194	16.9	12.5	167	2	4.1	6.1	2	0.8	1.1	115	657	299	51	4.8	0.33	22.3	0.27	71	13	116.3	13.3	2.1	12.5	0	1.1	0	20.76	5.6	4.3	156.2	0.118138309	-0.192584518	5B4AD	Burn	B4	B4A	3-6cm	5/8/2021	After	yes	1649	yes
5B4AS	USV29	16.71300334	6.8	7.2	0.14	13	390	23.6	11.5	199	0.9	15.8	16.6	3	1.3	1.6	117	743	278	52	8.8	0.54	38.3	0.26	74	15	195.5	17.4	0.7	11.5	0	1.6	0	29.51	8.4	6.7	154.8	0.104949467	-0.160594116	5B4AS	Burn	B4	B4A	0-3cm	5/8/2021	After	yes	1502	yes
5B4BD	UDV30	20.3414169	5.9	6.1	0.1	22.3	450	15.8	13.2	177	0.5	4.6	5.1	2	0.9	1.4	92	548	303	75	5.2	0.52	26.7	0.27	56	14	253.6	13.4	2.6	13.2	0	1.4	0	29.87	5.5	5.1	124.6	0.073744721	-0.011022309	5B4BD	Burn	B4	B4B	3-6cm	5/8/2021	After	yes	1269	yes
5B4BS	USV30	31.06437559	5.8	5.9	0.07	22	552	12.2	8.4	117	0.5	9.2	9.6	2	0.7	1.2	65	552	288	57	4.4	0.76	24	0.2	58	12	470.7	13.9	0.9	8.4	0	1.2	0	30.79	5.4	4.4	76.2	0.142838636	-0.00449627	5B4BS	Burn	B4	B4B	0-3cm	5/8/2021	After	yes	2945	yes
5U1AD	UDV25	29.49963054	5.7	5.9	0.05	20.6	570	11	8.5	94	0.7	4	4.8	2	0.6	1.2	50	398	365	40	3.8	0.58	16	0.15	50	11	606.6	11.1	1.8	8.5	0	1.2	0	31.23	4	4.1	62.8	0.098825672	0.322723306	5U1AD	Control	U1	U1A	3-6cm	5/8/2021	After	no	3314	yes
5U1AS	USV25	58.56797711	5.8	5.9	0.05	34.8	146	16.3	11.8	146	0.4	10	10.3	2	0.8	1.3	46	662	198	33	5.1	0.97	25	0.14	70	12	100.3	12.4	1.1	11.8	0	1.3	0	16.26	6.6	4.9	52.4	0.045470177	0.239948771	5U1AS	Control	U1	U1A	0-3cm	5/8/2021	After	no	3421	yes
5U1BD	UDV26	35.80544874	5.6	5.7	0.06	22.3	638	10.1	8	116	0.6	1.9	2.5	1	0.5	0.8	58	500	338	41	3.4	0.38	9.5	0.16	84	12	547.8	14.6	3.1	8	0	0.8	0	35.03	3.1	3.1	66.1	0.058418805	0.253937463	5U1BD	Control	U1	U1B	3-6cm	5/8/2021	After	no	2783	yes
5U1BS	USV26	47.38776793	5.9	5.9	0.05	38.7	358	10.7	9.1	114	0.4	2.4	2.8	2	0.7	1.2	52	817	201	27	3.8	0.99	16.3	0.1	109	11	313.6	12.5	3.3	9.1	0	1.2	0	25.57	3.6	4.4	54.9	0.014194934	0.112900337	5U1BS	Control	U1	U1B	0-3cm	5/8/2021	After	no	2683	yes
5U2AD	UDV27	68.68957602	5.8	6	0.07	37.6	590	11.2	7.5	115	0.3	2.6	2.9	1	0.6	0.8	79	664	167	33	4.2	1.12	15.4	0.19	80	19	514.5	15.3	2.6	7.5	0	0.8	0	32.54	3.1	3.4	82.6	0.107248475	-0.080396481	5U2AD	Control	U2	U2A	3-6cm	5/8/2021	After	no	4221	yes
5U2AS	USV27	52.27189398	6	6.1	0.07	30	390	8.5	7.4	99	0.3	2.3	2.6	2	0.7	1.2	101	695	217	31	3.4	0.84	12.8	0.17	90	13	392.1	13.4	2.9	7.4	0	1.2	0	27.11	3	4.3	102.7	0.123568853	-0.086115546	5U2AS	Control	U2	U2A	0-3cm	5/8/2021	After	no	3712	yes
5U2BD	UDV28	32.15364962	5.9	5.9	0.08	33.9	680	11.4	13	109	0.5	3	3.5	2	0.7	1	57	812	188	40	3.9	0.67	17.3	0.1	95	12	624.6	8.4	3.7	13	0	1	0	37.47	4.9	4	68.2	0.110164557	-0.065245343	5U2BD	Control	U2	U2B	3-6cm	5/8/2021	After	no	3134	yes
5U2BS	USV28	41.60015127	5.4	5.8	0.06	62	1060	10.9	8.5	120	0.3	3.6	3.9	2	0.5	1	57	636	113	29	3.9	2.06	33.8	0.13	89	14	882.8	14.1	2.2	8.5	0	1	0	56.25	3.7	3.5	49.8	0.044381777	-0.041117279	5U2BS	Control	U2	U2B	0-3cm	5/8/2021	After	no	2339	yes
6B1AD	BDV31	15.93261664	6.8	7.2	0.6	8.6	588	52.1	22	435	1.4	49.9	51.2	70	58.7	10.8	109	1487	339	94	190.4	2.79	118.7	0.22	166	10	135.3	19.8	0.4	22	0	10.8	0	40.29	43.9	160	130.4	NA	NA	6B1AD	Burn	B1	B1A	3-6cm	6/20/2021	After	yes	NA	no
6B1AS	BSV31	9.375154965	7.4	7.2	0.94	8.1	318	60.2	27.1	488	1.4	46.5	47.8	92	84.8	7.3	202	3034	238	57	531.3	1.5	97.5	0.17	351	12	65.1	18.1	0.6	27.1	0	7.3	0	32.35	22.5	212	241.8	NA	NA	6B1AS	Burn	B1	B1A	0-3cm	6/20/2021	After	yes	NA	no
6B1BD	BDV32	10.75680378	6.7	7.2	0.23	7.1	326	23.7	9	217	0.7	17.9	18.6	34	26	7.8	105	942	330	62	55.3	1.51	71	0.19	108	8	150.4	24.1	0.5	9	0	7.8	0	25.61	16.5	77.8	125.6	NA	NA	6B1BD	Burn	B1	B1B	3-6cm	6/20/2021	After	yes	NA	no
6B1BS	BSV32	7.020917812	6.9	7.2	0.51	9.7	772	62.9	25.6	523	1.5	47.9	49.4	112	100.6	11.5	166	1779	268	69	185.1	3.84	173.3	0.18	229	10	147.5	20.4	0.5	25.6	0	11.5	0	51.63	22.5	257.8	198.8	NA	NA	6B1BS	Burn	B1	B1B	0-3cm	6/20/2021	After	yes	NA	no
6B2AD	BDV33	16.12997246	5	5.5	0.05	51.7	680	17.2	8.2	182	0.5	14.8	15.3	15	9.6	5.2	93	513	153	45	8.4	2.08	19	0.12	115	12	374.3	22.2	0.5	8.2	0	5.2	0	38.45	14.1	34.2	111	NA	NA	6B2AD	Burn	B2	B2A	3-6cm	6/20/2021	After	yes	NA	no
6B2AS	BSV33	12.80526543	5.7	5.7	0.1	55.3	2276	34.9	13.7	310	0.7	31	31.6	37	28.6	7.9	97	658	130	38	20.6	2.76	36	0.11	129	10	734	22.6	0.4	13.7	0	7.9	0	121.38	13.6	83.9	116.7	NA	NA	6B2AS	Burn	B2	B2A	0-3cm	6/20/2021	After	yes	NA	no
6B2BD	BDV34	3.019534746	4.8	5.5	0.06	39.9	704	13.8	4.1	174	0.9	10.5	11.3	9	5.5	3.8	49	429	169	44	7	1.2	21.8	0.16	71	8	405.6	42.5	0.4	4.1	0	3.8	0	39.08	9.2	21.2	59.3	NA	NA	6B2BD	Burn	B2	B2B	3-6cm	6/20/2021	After	yes	NA	no
6B2BS	BSV34	2.1992622	5	5.6	0.12	50.8	1656	22.3	5.1	236	0.6	19.4	19.9	25	17.6	7.7	68	489	141	42	16.5	1.71	35.4	0.15	95	10	700.3	46	0.3	5.1	0	7.7	0	88.04	7.5	58.3	81.5	NA	NA	6B2BS	Burn	B2	B2B	0-3cm	6/20/2021	After	yes	NA	no
6B3AD	BDV35	5.08529802	6.6	7.2	0.1	12.8	506	24	12.6	313	1.7	10.3	12	9	4.7	4.2	101	1011	275	51	9.6	0.55	18	0.21	118	8	161.7	24.8	1.1	12.6	0	4.2	0	32.82	14.8	20.4	121.3	NA	NA	6B3AD	Burn	B3	B3A	3-6cm	6/20/2021	After	yes	NA	no
6B3AS	BSV35	2.475744659	6.7	7.2	0.32	28.7	1928	54.4	22.6	583	4.7	25.5	30.1	37	27.1	9.6	108	1108	159	33	24.8	1.82	55.3	0.12	166	9	330.7	25.7	0.8	22.6	0	9.6	0	110.32	15.8	84.4	129	NA	NA	6B3AS	Burn	B3	B3A	0-3cm	6/20/2021	After	yes	NA	no
6B3BD	BDV36	27.34693576	6.4	6.3	0.06	16.3	554	19.1	11.4	217	1.3	5.7	7	4	1.4	2.2	96	865	299	43	5.5	0.21	9.1	0.13	67	9	255.8	19	1.6	11.4	0	2.2	0	33.17	11.1	8.3	114.8	NA	NA	6B3BD	Burn	B3	B3B	3-6cm	6/20/2021	After	yes	NA	no
6B3BS	BSV36	9.656360296	5.8	5.9	0.12	31.5	1116	44.8	17.7	466	5.7	28.3	33.9	8	4	4.3	95	905	225	40	10.1	0.67	26.4	0.11	102	9	239.7	26.3	0.5	17.7	0	4.3	0	66.89	15.5	19.1	113.8	NA	NA	6B3BS	Burn	B3	B3B	0-3cm	6/20/2021	After	yes	NA	no
6B4AD	UDV35	7.461873048	5.9	6.2	0.06	11.7	124	11.2	7.1	248	0.3	1.7	2	3	1	1.5	83	331	348	42	3.7	0.42	25.4	0.17	44	9	50.1	34.8	3.5	7.1	0	1.5	0	16	5.5	5.8	99.9	NA	NA	6B4AD	Burn	B4	B4A	3-6cm	6/20/2021	After	yes	NA	no
6B4AS	USV35	6.403797795	5.7	6.1	0.12	18.2	636	13.3	8	277	0.3	4.1	4.4	6	2.5	3.7	89	475	258	40	5.7	0.87	42	0.15	64	8	229.5	34.5	1.8	8	0	3.7	0	38.15	3.7	14.1	106.4	NA	NA	6B4AS	Burn	B4	B4A	0-3cm	6/20/2021	After	yes	NA	no
6B4BD	UDV36	8.387982892	5.7	6.1	0.08	20.8	834	15.9	8.3	244	0.4	6.2	6.7	4	1.2	2.7	74	568	252	46	4.4	0.54	25.6	0.18	76	8	342.1	29.4	1.2	8.3	0	2.7	0	47.4	9	8.9	89	NA	NA	6B4BD	Burn	B4	B4B	3-6cm	6/20/2021	After	yes	NA	no
6B4BS	USV36	6.244009601	5.4	6	0.13	20.7	978	19.9	10.5	332	0.3	9.1	9.5	5	1.8	3.2	74	537	225	44	5.8	0.7	40.5	0.2	59	9	295	31.6	1.1	10.5	0	3.2	0	56.58	6	11.5	88.5	NA	NA	6B4BS	Burn	B4	B4B	0-3cm	6/20/2021	After	yes	NA	no
6U1AD	UDV31	19.69357689	5.7	6	0.02	12.5	128	7.9	4.1	111	0.3	1.3	1.6	2	0.6	1.6	42	302	411	29	2	0.27	6.1	0.11	43	8	115	27	2.6	4.1	0	1.6	0	13.3	3.4	5.1	50.8	NA	NA	6U1AD	Control	U1	U1A	3-6cm	6/20/2021	After	no	NA	no
6U1AS	USV31	18.45543493	5.4	5.7	0.03	24.5	456	11.1	7.6	162	0.2	1.7	1.9	4	1.1	2.4	42	542	243	30	2.7	0.39	10.1	0.07	66	9	280.7	21.5	4	7.6	0	2.4	0	29.34	2.8	8.1	51	NA	NA	6U1AS	Control	U1	U1A	0-3cm	6/20/2021	After	no	NA	no
6U1BD	UDV32	21.36015646	5.4	5.8	0.02	15.5	340	9.9	6.1	148	0.2	1.6	1.9	2	0.8	1.4	57	276	344	36	2	0.4	8.5	0.16	49	7	230.4	24.2	3.3	6.1	0	1.4	0	24.81	4.8	5	68.7	NA	NA	6U1BD	Control	U1	U1B	3-6cm	6/20/2021	After	no	NA	no
6U1BS	USV32	18.73739948	5.3	5.7	0.04	28.4	932	17	7.8	288	0.2	1.8	2	5	1.6	3.3	84	565	233	30	3.5	0.79	18.6	0.13	81	8	324.1	36.8	3.9	7.8	0	3.3	0	53.13	2.9	11.2	101	NA	NA	6U1BS	Control	U1	U1B	0-3cm	6/20/2021	After	no	NA	no
6U2AD	UDV33	16.80571501	5.1	5.6	0.04	42.8	1464	19.4	15.4	288	0.3	2.5	2.8	4	1.6	2.8	59	464	160	37	4.4	1	28.7	0.11	57	8	508.4	18.7	5.6	15.4	0	2.8	0	80.5	10.9	10.2	71.2	NA	NA	6U2AD	Control	U2	U2A	3-6cm	6/20/2021	After	no	NA	no
6U2AS	USV33	13.08736766	4.8	5.6	0.04	64.7	1844	25	20.3	331	0.3	3.4	3.6	7	2.7	4.6	55	420	89	23	3.2	1.54	24.6	0.15	58	8	556.6	16.3	5.6	20.3	0	4.6	0	100.85	7.2	16.8	66.4	NA	NA	6U2AS	Control	U2	U2A	0-3cm	6/20/2021	After	no	NA	no
6U2BD	UDV34	35.08063807	5.1	5.5	0.03	53.8	1320	13.4	10.2	186	0.2	1	1.2	4	1.2	2.5	61	598	125	32	2.4	1.3	23.3	0.09	77	9	708.6	18.2	8.3	10.2	0	2.5	0	70.75	6.9	8.4	72.9	NA	NA	6U2BD	Control	U2	U2B	3-6cm	6/20/2021	After	no	NA	no
6U2BS	USV34	19.7676877	5.1	5.6	0.05	65	1772	11.7	9	216	0.2	1	1.2	5	1.6	3.2	59	528	98	24	2.7	1.74	26.1	0.1	72	8	821.6	24	7.6	9	0	3.2	0	93.81	3.1	11.2	71	NA	NA	6U2BS	Control	U2	U2B	0-3cm	6/20/2021	After	no	NA	no
